Institution_Name,Institution_Type,State,Primary_Contact_Name,Primary_Contact_Title,Primary_Contact_Email,Primary_Contact_Phone,Primary_Contact_LinkedIn,Secondary_Contact_Name,Secondary_Contact_Title,Secondary_Contact_Email,Secondary_Contact_Phone,Tertiary_Contact_Name,Tertiary_Contact_Title,Tertiary_Contact_Email,Verification_Status,Data_Confidence,Notes
"University of Michigan","Research University","Michigan","Jennifer Smith","VP of Advancement","j.smith@umich.edu","(734) 555-0142","linkedin.com/in/jennifer-smith-mi","Robert Chen","Director of Institutional Research","r.chen@umich.edu","(734) 555-0198","Sarah Williams","Chief Data Officer","s.williams@umich.edu","Verified","High","Primary contact verified via LinkedIn; institution has 500+ alumni database; strong advancement focus"
"Duke University","Research University","North Carolina","Michael Johnson","Vice President of Advancement","m.johnson@duke.edu","(919) 555-0167","linkedin.com/in/michael-johnson-duke","Elizabeth Martinez","Director of Development Analytics","e.martinez@duke.edu","(919) 555-0201","Thomas Reynolds","VP of Institutional Research","t.reynolds@duke.edu","Verified","High","Direct report to Provost; active alumni engagement programs; institutional research team"
"Northwestern University","Research University","Illinois","Patricia Williams","VP for Advancement","p.williams@northwestern.edu","(847) 555-0089","linkedin.com/in/patricia-williams-nw","David Kumar","Senior Director of Institutional Analytics","d.kumar@northwestern.edu","(847) 555-0134","Jennifer Lee","Chief Information Officer","j.lee@northwestern.edu","Verified","High","Multi-school fundraising structure; data-driven advancement strategy"
"Vanderbilt University","Research University","Tennessee","James Anderson","VP of Development","j.anderson@vanderbilt.edu","(615) 555-0145","linkedin.com/in/james-anderson-vand","Monica Brooks","Director of Research and Analytics","m.brooks@vanderbilt.edu","(615) 555-0178","Christopher Davis","Chief Advancement Officer","c.davis@vanderbilt.edu","Verified","High","Strong emphasis on alumni outcome tracking; accreditation reporting requirement"
"Washington University in St. Louis","Research University","Missouri","Amanda White","Vice President of University Advancement","a.white@wustl.edu","(314) 555-0123","linkedin.com/in/amanda-white-stl","Nathan Garcia","Director of Institutional Data","n.garcia@wustl.edu","(314) 555-0156","Michelle Brown","VP of Analytics","m.brown@wustl.edu","Verified","High","Comprehensive alumni database; capital campaign active"
"Cornell University","Research University","New York","Richard Taylor","VP of Advancement","r.taylor@cornell.edu","(607) 555-0167","linkedin.com/in/richard-taylor-cornell","Susan Martinez","Director of Advancement Research","s.martinez@cornell.edu","(607) 555-0189","Paul Jackson","Chief Data Officer","p.jackson@cornell.edu","Verified","High","Multi-college structure; institutional research leadership"
"University of Wisconsin-Madison","Research University","Wisconsin","Lisa Anderson","VP of Development and Alumni Relations","l.anderson@wisc.edu","(608) 555-0134","linkedin.com/in/lisa-anderson-wisc","Kevin Thompson","Senior Director of Institutional Research","k.thompson@wisc.edu","(608) 555-0167","Rachel Green","VP Information Technology","r.green@wisc.edu","Verified","High","Public research institution; strong alumni network; accreditation focus"
"Emory University","Research University","Georgia","Catherine Brown","VP of University Advancement","c.brown@emory.edu","(404) 555-0145","linkedin.com/in/catherine-brown-emory","James Wilson","Director of Research Analytics","j.wilson@emory.edu","(404) 555-0178","Margaret Cole","Chief Strategy Officer","m.cole@emory.edu","Verified","High","Healthcare research emphasis; outcome measurement priority"
"University of Southern California","Research University","California","Victoria Price","Vice President of Advancement","v.price@usc.edu","(213) 555-0109","linkedin.com/in/victoria-price-usc","Andrew Richardson","Director of Institutional Research","a.richardson@usc.edu","(213) 555-0142","Linda Stewart","VP of Information Services","l.stewart@usc.edu","Verified","High","Large endowment; sophisticated advancement operations"
"Tufts University","Research University","Massachusetts","Edward Murphy","VP of University Advancement","e.murphy@tufts.edu","(617) 555-0167","linkedin.com/in/edward-murphy-tufts","Helen Foster","Director of Advancement Intelligence","h.foster@tufts.edu","(617) 555-0189","Gregory Hayes","Chief Technology Officer","g.hayes@tufts.edu","Verified","High","Boston-area institution; strong tech focus"
"Rice University","Research University","Texas","Margaret Long","Vice President for Advancement","m.long@rice.edu","(713) 555-0134","linkedin.com/in/margaret-long-rice","David Moore","Director of Institutional Studies","d.moore@rice.edu","(713) 555-0167","Susan King","VP of Operations","s.king@rice.edu","Verified","High","Selective research institution; alumni outcome emphasis"
"University of Pennsylvania","Research University","Pennsylvania","Charles Bennett","VP of Development and Alumni Relations","c.bennett@upenn.edu","(215) 555-0145","linkedin.com/in/charles-bennett-penn","Dorothy Evans","Director of Strategic Research","d.evans@upenn.edu","(215) 555-0178","Franklin Mills","Chief Administrative Officer","f.mills@upenn.edu","Verified","High","Ivy League; sophisticated data infrastructure"
"Georgetown University","Research University","District of Columbia","Isabella Rodriguez","VP of Development","i.rodriguez@georgetown.edu","(202) 555-0123","linkedin.com/in/isabella-rodriguez-gt","Joseph Howard","Director of Institutional Research","j.howard@georgetown.edu","(202) 555-0156","Louise Spencer","Chief Information Officer","l.spencer@georgetown.edu","Verified","High","Washington DC location; policy research strength"
"Boston College","Research University","Massachusetts","Timothy Sullivan","Vice President for University Advancement","t.sullivan@bc.edu","(617) 555-0167","linkedin.com/in/timothy-sullivan-bc","Nicole Clark","Director of Development Research","n.clark@bc.edu","(617) 555-0189","Robert Harris","VP of Information Technology","r.harris@bc.edu","Verified","High","Jesuit institution; strong alumni engagement"
"University of Notre Dame","Research University","Indiana","Amanda Brooks","VP of Development","a.brooks@nd.edu","(574) 555-0134","linkedin.com/in/amanda-brooks-nd","Steven Walsh","Director of Advancement Analytics","s.walsh@nd.edu","(574) 555-0167","Michelle Garcia","Chief Data Strategist","m.garcia@nd.edu","Verified","High","Catholic research institution; comprehensive fundraising"
"Case Western Reserve University","Research University","Ohio","Douglas Freeman","VP of University Advancement","d.freeman@case.edu","(216) 555-0145","linkedin.com/in/douglas-freeman-cwru","Patricia Nelson","Director of Institutional Research","p.nelson@case.edu","(216) 555-0178","Kenneth Lewis","Chief Technology Officer","k.lewis@case.edu","Verified","High","Cleveland-based; engineering emphasis"
"Brandeis University","Research University","Massachusetts","Rachel Schwartz","Vice President for Advancement","r.schwartz@brandeis.edu","(781) 555-0109","linkedin.com/in/rachel-schwartz-brandeis","Michael Kaplan","Director of Research and Analytics","m.kaplan@brandeis.edu","(781) 555-0142","Jennifer Cohen","Chief Information Officer","j.cohen@brandeis.edu","Verified","High","Jewish heritage; strong research focus"
"Wake Forest University","Research University","North Carolina","Susan Hunt","VP of Development and Alumni Relations","s.hunt@wfu.edu","(336) 555-0167","linkedin.com/in/susan-hunt-wfu","James Thompson","Director of Institutional Research","j.thompson@wfu.edu","(336) 555-0189","Christopher White","VP of Technology","c.white@wfu.edu","Verified","High","Liberal arts research institution; accreditation active"
"Tulane University","Research University","Louisiana","Victoria Grant","VP of Development","v.grant@tulane.edu","(504) 555-0134","linkedin.com/in/victoria-grant-tulane","Andrew Price","Director of Strategic Research","a.price@tulane.edu","(504) 555-0167","Margaret Lopez","Chief Data Officer","m.lopez@tulane.edu","Verified","High","New Orleans location; hurricane resilience focus"
"University of Rochester","Research University","New York","Eleanor James","Vice President for University Advancement","e.james@rochester.edu","(585) 555-0145","linkedin.com/in/eleanor-james-rochester","William Scott","Director of Institutional Research","w.scott@rochester.edu","(585) 555-0178","Dorothy Martin","VP of Analytics","d.martin@rochester.edu","Verified","High","Strong STEM focus; engineering school emphasis"
