Platform,Parent Company,Core Focus,Pricing Model,Annual Price Range,Customer Base Size,Target Segment,Alumni Tracking,Outcomes Measurement,Employment Verification,Fundraising,CRM Features,Event Management,Alumni Engagement,Volunteer Management,FERPA Compliance,AI/ML Features,Implementation Time,Mobile App,Integration Ecosystem,Key Strength 1,Key Strength 2,Key Strength 3,Key Weakness 1,Key Weakness 2,Key Weakness 3,Positioning Statement
Salesforce Education Cloud,Salesforce.org,CRM + Student Lifecycle,Per-user SaaS,$87-$375/user/month,Enterprise (650+ institutions),"Large research universities, advanced programs","Yes - partial","No","No","Yes","Excellent","Yes","Yes","Yes","Limited","AI Agentforce, Einstein","6-12+ months","Yes","Excellent (Data Cloud, Marketing Cloud, Tableau)","Massive ecosystem integration","AI-powered automation","Scalability","Expensive implementation ($50K-$200K+)","Per-user pricing expensive for large alumni bases","Not designed for outcomes measurement","The #1 CRM for higher education, enabling connected student and alumni experiences through AI-powered insights and personalized multi-channel engagement"
Blackbaud Raiser's Edge NXT,Blackbaud,Fundraising CRM,Custom Enterprise,$15,000-$100,000+/year,Mid-to-Large (5,000+ institutions),"Nonprofits, major universities, fundraising-focused","Yes - partial","No","No","Excellent","Good","Yes","Yes","Good","AI prospect scoring, wealth identification","3-6 months","Limited","Good (integrations with financial systems)","AI-driven prospect research","Proven ROI (44% increase)","Data enrichment","Expensive","Not designed for outcomes measurement","Limited to fundraising; limited student tracking","An AI-powered nonprofit CRM designed to increase donations through intelligent prospect identification and optimized fundraising strategies"
Workday Student,Workday Inc.,Student + HR + Finance,Custom Enterprise,$50,000-$250,000+/year,Enterprise (650+ institutions with Workday solutions),"Large universities, enterprise transformation focus","Yes - limited to current students","Yes - student success only","No","No","Good","No","Limited","No","Good","Advanced analytics, Prism Analytics","12-24+ months","Yes","Excellent (HR, finance, analytics)","Integrated student-HR-finance platform","Advanced analytics (Prism)","Student success tools","Extremely expensive","Long implementation (2-3 years)","Does not track alumni post-graduation outcomes","A unified student, financial, and human capital management platform enabling institutions to improve outcomes and streamline operations"
Almabase,Almabase Inc.,Alumni Engagement,Custom SaaS,$10,000-$50,000+/year,Mid-market (10,000+ institutions),"Colleges, universities, 1K-100K alumni","Yes - partial","No","No","Yes","Good","Excellent","Excellent","Yes","Limited","Limited (basic personalization)","2-4 months","Yes","Good (Raiser's Edge sync, Salesforce)","User-friendly interface","Fast deployment (30-60 days)","CRM integration (Raiser's Edge real-time sync)","No outcomes measurement","Limited SIS integration","No employment verification","The modern, no-code alumni engagement platform enabling institutions to build stronger communities and accelerate fundraising"
AlumnForce,AlumnForce,Alumni Community,Modular SaaS,"$4,990-$50,000+/year",Mid-market (500-1,000+ institutions),"Educational institutions, 1K-50K alumni","Yes","No","No","Limited","Good","Excellent","Excellent","Good","Limited","Limited","2-3 months","Yes","Limited (some CRM integrations)","Most affordable entry tier ($4,990)","Strong career services (internship digitization)","Modern UI/UX","No employment verification","No outcomes measurement","Limited AI/ML","A comprehensive, modular alumni engagement platform enabling institutions to build active alumni communities through integrated career services and engagement tools"
ToucanTech,ToucanTech,Alumni CRM + Community,Custom SaaS,$15,000-$75,000+/year,Mid-to-Large (300-500+ institutions),"Universities, 5K-100K alumni","Yes","No","No","Yes","Excellent","Excellent","Excellent","Good","Limited","Limited","3-6 months","Yes","Good (Raiser's Edge integration)","Integrated CRM + community platform","Strong reporting and dashboards","Flexible pricing and white-label options","No outcomes measurement","Limited employment verification","Not specifically for outcomes tracking","A comprehensive alumni and advancement platform combining CRM, community management, and engagement tools"
Anthology Encompass (iModules),Anthology,Web CMS + Alumni CRM,Custom Enterprise,"$20,000-$100,000+/year",Large (800+ institutions),"Mid-to-large universities, 10K+ alumni","Yes","No","No","Yes","Good","Yes","Yes","Good","Limited","Limited","6-12+ months","Yes","Good (Raiser's Edge integration)","Scalable for very large institutions","Long history in higher education (20+ years)","Deep CRM + web integration","Complex platform; steep learning curve","Not designed for outcomes measurement","Limited AI/ML features","A constituent engagement management platform enabling institutions to manage alumni databases and fundraising at scale"
RNL (Ruffalo Noel Levitz) / Helix,Ruffalo Noel Levitz,Enrollment Management + Consulting,Custom + Services,$50,000-$200,000+/year,Mid-to-Large (data-driven approach),"Institutions expanding online/hybrid programs","Limited","No","No","No","Limited","No","Limited","No","Limited","Advanced enrollment analytics","6-12+ months","Yes","Limited","Data-driven enrollment strategies","Consulting expertise + platform","Focus on nontraditional students","Not alumni outcomes-focused","Limited post-graduation tracking","Limited CRM features","A data-driven enrollment management platform enabling institutions to optimize recruitment and expand online/hybrid programs"
Starfish by EAB,EAB (Education Advisory Board),Student Success Platform,Custom SaaS,"$20,000-$100,000+/year",Mid-to-Large (500+ institutions),"Community colleges, 4-year institutions, retention-focused","No","Yes - student retention only","No","No","Limited","No","Limited","No","Good","Early alert AI, intervention library","2-4 months","Yes","Good (SIS integration)","Purpose-built for student success","Early intervention (1.79M+ alerts)","Strong retention results (97%+ customer retention)","Focuses on current students only","No alumni tracking","No career progression tracking","An enterprise student success platform enabling institutions to identify at-risk students and improve retention through targeted interventions"
Handshake,Handshake Inc.,Career + Recruiting Platform,Custom SaaS (Freemium for students),"$10,000-$50,000+/year",Mid-market (1,000+ institutions),"Career services, entry-level recruiting","Limited - job board users only","Limited - entry-level outcomes","Limited - job board users only","No","Limited","No","Yes - job board community","No","Limited","Limited","Instant (already deployed)","Yes","Limited","Largest job/internship platform for entry-level talent","Strong employer network","Free for students; easy adoption","Entry-level only focus","Incomplete alumni coverage (only platform users)","Limited career progression tracking","The leading career and internship platform enabling institutions to connect students and alumni with employment opportunities while providing outcomes data"
Lightcast (JobsEQ),Lightcast Inc.,Labor Market Analytics,Subscription + Consulting,"$15,000-$75,000+/year",Mid-to-Large (outcomes-focused),"Universities focused on accountability, program evaluation","Limited - requires matching","Yes - employment & earnings","Yes - verified employment data","No","No","No","No","No","Limited","Labor market analytics, employment verification","N/A (reporting tool)","No","Good (institutional data integration)","Real-time labor market data","Comprehensive employment verification","Peer benchmarking","Requires manual alumni matching","Cannot track all alumni (employment coverage gaps)","Does not track volunteer/civic engagement","The leading labor market analytics platform enabling institutions to measure alumni success and demonstrate program effectiveness"
edu.cloud (Proposed),edu.cloud,Automated Outcomes Measurement,Affordable SaaS,"$5,000-$25,000+/year",SMB to Mid-market (targeted),"Community colleges, regional universities, small private colleges","Yes - automated","Yes - comprehensive","Yes - automated (public records)","Yes - integration capability","Yes - integrations","Yes - integrations","Yes - with volunteer tracking","Yes - built-in volunteer tracking","Yes - FERPA-built-in","AI alumni matching, employment verification","2-4 weeks","Yes - planned","Excellent (Salesforce, Raiser's Edge, SIS integrations)","Fastest implementation (2-4 weeks)","Most affordable ($5K-$25K)","Automated outcomes measurement","New entrant (brand building required)","Limited track record","Early market validation needed","The fastest, most affordable outcomes measurement platform for higher education seeking to demonstrate impact and ROI without replacing existing systems"
